:START_ID,:END_ID
110101009003,a_228
110102013003,a_534
110105032021,a_230
110106002006,a_735
110109004006,a_475
110109007013,a_331
110111103204,a_209
110115107247,a_503
110116103210,a_878
110119003003,a_12
110119100215,a_37
120101001009,a_404
120104002401,a_956
120105010021,a_568
120111106212,a_394
120112103003,a_358
120115005213,a_957
120115124216,a_137
120116403003,a_59
120119100260,a_940
120119114239,a_43
130121106209,a_478
130123100230,a_703
130126200207,a_796
130129204214,a_547
130131104237,a_889
130204100210,a_80
130205006498,a_845
130207104202,a_32
130207201202,a_436
130224104215,a_930
130224110216,a_338
130225108293,a_106
130283101216,a_756
130283205216,a_891
130302104227,a_357
130303102223,a_807
130321202205,a_728
130324108211,a_40
130421203209,a_607
130423102243,a_31
130425104206,a_649
130425104228,a_942
130425203213,a_563
130425212221,a_929
130426207204,a_770
130432101218,a_316
130435100213,a_146
130435104205,a_190
130481204206,a_105
130481208213,a_314
130521104205,a_894
130521110226,a_833
130521111234,a_769
130525101205,a_409
130525201201,a_978
130525205214,a_407
130529200224,a_180
130531103216,a_916
130533107207,a_586
130534105201,a_560
130581104238,a_7
130609104212,a_92
130626208202,a_573
130626208204,a_110
130628100208,a_495
130630101202,a_121
130631100221,a_487
130632100209,a_577
130681102230,a_665
130708200208,a_641
130724103225,a_10
130731101211,a_987
130803002004,a_312
130822104203,a_848
130825106201,a_885
130827102205,a_795
130903100217,a_658
130925102217,a_921
130925103217,a_210
130925103240,a_976
130925104224,a_899
130925202236,a_745
130925204201,a_147
130930201213,a_854
130983202236,a_249
130984102218,a_506
130984211214,a_187
131023202221,a_439
131024101217,a_414
131026107226,a_290
131081201237,a_490
131082100243,a_262
131102102233,a_600
131121100242,a_507
131121102220,a_683
131124100228,a_293
131127202249,a_411
131127204227,a_26
131128102214,a_415
131182100218,a_152
131182203215,a_830
131182206220,a_452
139002107217,a_264
140107008010,a_840
140203026002,a_402
140223202202,a_539
140225220210,a_42
140302001009,a_260
140311102206,a_275
140321101223,a_367
140423200207,a_986
140424201214,a_642
140427203207,a_663
140429101254,a_729
140429103208,a_554
140430104222,a_9
140430200210,a_244
140502001001,a_973
140603208203,a_466
140621201208,a_78
140622203203,a_794
140702100226,a_765
140702101209,a_398
140702105201,a_741
140728205222,a_27
140802001003,a_935
140822102207,a_372
140822201203,a_825
140824100219,a_835
140824104209,a_232
140827104205,a_67
140924101228,a_150
140932100235,a_304
140981206210,a_135
141023201211,a_212
141031203202,a_460
141032203200,a_541
141123200213,a_564
141123200223,a_115
141123209203,a_816
141124201203,a_660
141128200212,a_234
141128201206,a_400
141181103235,a_239
141182108216,a_696
150104100228,a_119
150204100204,a_315
150223216206,a_352
150421102210,a_523
150426203208,a_432
150426205206,a_650
150429100008,a_19
150502105222,a_222
150521103224,a_633
150521108222,a_57
150523106219,a_622
150624103203,a_95
150702004007,a_705
150727102201,a_425
150821102207,a_401
150924212208,a_189
150924400001,a_581
150927106273,a_280
152224105203,a_584
152502201200,a_421
152921111203,a_695
210106024009,a_550
210213006005,a_838
210214106200,a_721
210281115207,a_70
210304013004,a_127
210311007003,a_163
210323119202,a_897
210727112214,a_433
210782006210,a_471
210881008208,a_434
210882117216,a_810
210921115212,a_691
211081101211,a_555
211481207206,a_677
210202011007,a_203
210522001005,a_284
210882101221,a_221
211081104203,a_989
220182207208,a_292
220203002006,a_51
220203100222,a_625
220203102001,a_739
220283204213,a_903
220381007209,a_273
220402198002,a_927
220524102208,a_505
220524111204,a_200
220581001201,a_508
220581108208,a_757
220581111202,a_2
220602102200,a_720
220621100212,a_319
220681006200,a_844
220722108205,a_321
220781106214,a_872
220781206226,a_324
220881105204,a_240
220882109211,a_58
222403102220,a_440
222406101203,a_272
230103016005,a_128
230104010002,a_856
230110003005,a_887
230110011002,a_455
230112109201,a_156
230113001007,a_281
230124201202,a_971
230230103207,a_749
230524203206,a_803
230622200204,a_990
230624100202,a_184
230811002004,a_220
230822107229,a_202
230882109205,a_667
230902100209,a_299
230904200204,a_609
231025200215,a_831
231222102203,a_286
231223209209,a_871
231224204205,a_648
231282101205,a_943
231283213212,a_68
231283400503,a_112
310104017032,a_614
310106017011,a_849
310106020015,a_514
310107017017,a_376
310109014006,a_208
310109016004,a_785
310113007010,a_354
310113111015,a_792
310115014038,a_715
310115130038,a_459
310120111227,a_908
320104001006,a_0
320104004004,a_229
320118001009,a_723
320213012007,a_335
320321114213,a_266
320382108205,a_909
320382109210,a_612
320382120214,a_632
320404001015,a_64
320412001006,a_258
320481107210,a_85
320505100210,a_516
320506103203,a_269
320507001031,a_905
320581104001,a_448
320582403498,a_839
320583100041,a_576
320585101218,a_307
320803118204,a_791
320922109221,a_681
320981411203,a_862
321003350203,a_771
321023110003,a_412
321081150201,a_841
321081408205,a_842
321181002213,a_920
321202003006,a_811
321204002213,a_74
321281122209,a_159
321281125209,a_528
321283114204,a_365
321311110200,a_83
321322001023,a_997
330104010004,a_510
330104011008,a_215
330106004059,a_783
330106109035,a_198
330110010205,a_93
330111100230,a_356
330127106265,a_537
330185008210,a_479
330206006230,a_936
330302024001,a_806
330304012220,a_864
330324002200,a_907
330324003001,a_562
330324112204,a_718
330326101363,a_118
330326121205,a_461
330327101008,a_548
330327107275,a_467
330329104213,a_750
330381010236,a_447
330381101221,a_392
330382115228,a_738
330402011016,a_291
330402100222,a_52
330481003010,a_381
330503105222,a_761
330521102200,a_552
330523110214,a_73
330624104200,a_519
330702105233,a_610
330702107253,a_44
330703001003,a_982
330723001214,a_525
330726107226,a_170
330781004273,a_49
330782003006,a_818
330782100247,a_484
330783109280,a_527
330784112216,a_45
330784112231,a_640
330802213218,a_772
330881121205,a_951
330903003221,a_413
331021003218,a_847
331081104001,a_709
331081105252,a_629
331082005215,a_207
331082101215,a_585
331102100249,a_664
331121206201,a_874
331122108240,a_758
331181206234,a_913
340103100204,a_775
340122107219,a_697
340207101204,a_355
340222101201,a_699
340225106211,a_332
340321107206,a_320
340402001004,a_420
340402101006,a_216
340603001009,a_549
340621108501,a_496
340822107206,a_645
340822113205,a_298
340825105202,a_325
341002103207,a_879
341181002021,a_809
341202104001,a_71
341221118207,a_463
341221120209,a_283
341225101001,a_515
341225113208,a_955
341225118201,a_662
341226111209,a_21
341323111204,a_685
341324201207,a_117
341502201201,a_166
341503200213,a_344
341522101203,a_876
341523202204,a_16
341524207206,a_195
341621115205,a_880
341721103208,a_964
341881100002,a_39
350111003020,a_635
350121201219,a_330
350123203204,a_798
350181109203,a_300
350426200212,a_253
350524106201,a_852
350524205222,a_589
350581102212,a_347
350582103207,a_426
350628107209,a_79
350629102209,a_489
350681107221,a_86
350703001008,a_491
350703103201,a_980
350725001001,a_129
350725202207,a_591
350823112202,a_473
350122103218,a_821
350123200203,a_458
350211004013,a_678
350681109207,a_15
350722104207,a_944
350723200202,a_38
350725101208,a_34
350821108209,a_6
360111105014,a_910
360124106001,a_327
360124201001,a_218
360425105208,a_162
360481104208,a_384
360703100205,a_167
360726203201,a_993
360731205212,a_925
360732214211,a_561
360735100003,a_359
360822113204,a_737
360826104216,a_948
360827108203,a_60
360923203210,a_690
360982107201,a_499
360983105210,a_545
360983116202,a_698
361002108220,a_751
361024204204,a_621
361029100012,a_61
361030105211,a_157
361123107090,a_906
361124207206,a_726
361126106200,a_526
361127209227,a_733
361128105221,a_661
361129103212,a_701
370112112222,a_604
370124104231,a_370
370124106246,a_784
370124107240,a_867
370125104245,a_863
370181008210,a_133
370181009245,a_923
370181111219,a_970
370211005006,a_100
370211102250,a_768
370211103244,a_762
370282105240,a_598
370282117232,a_50
370282119211,a_708
370283005297,a_391
370283105202,a_297
370285007210,a_748
370305003204,a_456
370322001248,a_801
370322105201,a_710
370403003212,a_122
370481104243,a_941
370481108236,a_345
370522102207,a_873
370523106217,a_834
370612105219,a_75
370681110232,a_569
370682103224,a_24
370683102242,a_437
370683105251,a_626
370683106240,a_890
370684107227,a_817
370685106280,a_3
370686002220,a_441
370686106282,a_881
370687109244,a_165
370687112234,a_72
370704008285,a_979
370704009242,a_116
370705007011,a_451
370781109267,a_306
370783103222,a_497
370783106258,a_168
370784100321,a_295
370784111307,a_172
370785103015,a_922
370785103254,a_431
370785114306,a_464
370827106225,a_457
370827107227,a_225
370828004220,a_529
370828103209,a_994
370830101208,a_501
370830105202,a_22
370883101272,a_465
370883102217,a_536
370883109244,a_444
370902001015,a_379
370911100234,a_4
370911110228,a_544
370982001224,a_962
370982001299,a_363
370983103235,a_462
370983105402,a_778
371003100274,a_470
371082004228,a_81
371083100244,a_520
371083114208,a_254
371121001220,a_48
371122107220,a_104
371122114209,a_713
371321104294,a_686
371321112215,a_869
371324101266,a_968
371326101222,a_502
371326105206,a_918
371329108264,a_790
371402002021,a_197
371403002361,a_173
371403107261,a_377
371403109230,a_588
371422103272,a_362
371423101225,a_186
371425103235,a_341
371425105254,a_619
371425107258,a_182
371425204224,a_540
371427100283,a_46
371428101208,a_837
371481107297,a_719
371482104266,a_101
371502106237,a_268
371521203208,a_688
371522116250,a_782
371522118202,a_675
371523104235,a_185
371523107234,a_13
371524205222,a_900
371525104228,a_892
371525110219,a_288
371525200216,a_832
371581001004,a_255
371621003214,a_727
371621103245,a_671
371623109207,a_700
371625002200,a_154
371625110236,a_813
371626115261,a_646
371703107241,a_380
371703109211,a_149
371721105200,a_530
371721106202,a_823
371721108250,a_305
371723103231,a_570
371723104221,a_647
371724105244,a_861
371726111211,a_205
371728101222,a_224
410311101208,a_25
410481205205,a_744
410724203211,a_120
410825203204,a_933
410926106245,a_919
410926201225,a_804
410928204237,a_934
411121106201,a_301
411326301216,a_158
411426207207,a_672
411481202212,a_975
411625108218,a_893
411681111225,a_294
411726105218,a_132
419001103225,a_679
410182104205,a_371
410184109004,a_877
410185102215,a_103
410225104213,a_36
410323109223,a_513
410411004005,a_617
410422102209,a_469
410422103209,a_618
410482005205,a_605
410522106210,a_773
410526203212,a_597
410603003002,a_886
410724108222,a_308
410727105203,a_96
410727106221,a_385
410781103225,a_274
410782106223,a_846
410825102220,a_931
410882002204,a_535
410923105222,a_746
410928104205,a_483
410928207247,a_169
411025107217,a_99
411025204211,a_265
411081102214,a_805
411121200206,a_373
411282104202,a_446
411324103205,a_390
411324105219,a_939
411330112201,a_76
411381313208,a_204
411403100220,a_91
411425107229,a_141
411425204221,a_556
411481115221,a_97
411524108210,a_689
411525109207,a_90
411526206209,a_69
411621106208,a_898
411625106222,a_20
411702005001,a_950
411721102200,a_952
411721213209,a_63
411722102200,a_716
411722211207,a_191
411725104210,a_582
419001104220,a_517
420104006008,a_995
420104006011,a_559
420104011011,a_114
420105010025,a_160
420106011012,a_855
420107002009,a_486
420115088224,a_578
420116001215,a_333
420116008234,a_139
420117004205,a_802
420117009210,a_245
420222107230,a_53
420222110200,a_653
420222110204,a_410
420281003237,a_694
420281103212,a_435
420281200213,a_967
420304115202,a_375
420322104207,a_724
420322107205,a_974
420324205204,a_493
420582003207,a_382
420582105202,a_231
420602101226,a_763
420606101227,a_454
420607110220,a_753
420626106231,a_717
420682200217,a_243
420683105219,a_851
420703101206,a_652
420821103211,a_270
420881102219,a_494
420881106202,a_66
420902105227,a_580
420902202220,a_403
420902571205,a_620
420981107222,a_788
421022201204,a_396
421023200003,a_587
421087106203,a_107
421087107200,a_774
421121102208,a_631
421121106208,a_917
421122109230,a_498
421126107234,a_599
421182100280,a_521
421182106226,a_143
421224106202,a_669
421303002004,a_853
421321102209,a_336
421321110211,a_777
422827103214,a_953
430105006006,a_219
430105016005,a_474
430204002004,a_223
430221111202,a_453
430321100004,a_759
430423201002,a_360
430424111221,a_608
430426109211,a_963
430482108217,a_960
430482202213,a_102
430521108266,a_142
430522103264,a_442
430523110217,a_211
430528100006,a_84
430528106216,a_408
430528107203,a_969
430602001005,a_267
430602203208,a_343
430621109001,a_992
430623104205,a_826
430623111228,a_388
430624119242,a_740
430626107224,a_638
430703004004,a_682
430724106205,a_351
430821105211,a_287
430821212232,a_915
430922113261,a_226
430923108253,a_985
430923113205,a_378
431003002005,a_732
431021115217,a_983
431026209215,a_644
431027400500,a_742
431122101254,a_594
431222111239,a_706
431223222209,a_383
431225102209,a_636
431227103213,a_558
431227109200,a_309
431281205212,a_153
431302100214,a_613
431322100022,a_77
431322102205,a_289
431322115254,a_387
431322200208,a_754
431381002006,a_386
431382101243,a_630
440106010002,a_328
440203101202,a_938
440222106210,a_176
440303002022,a_199
440403100220,a_668
440704001017,a_999
440704005202,a_126
440705104238,a_752
440705108216,a_482
440784001011,a_643
440803071201,a_888
440882101204,a_793
440904102213,a_670
440982107213,a_480
440983125222,a_566
441204103216,a_192
441204114010,a_553
441225101203,a_256
441303104203,a_282
441322106228,a_271
441324118207,a_590
441422117202,a_88
441521108001,a_937
441521118221,a_109
441521120205,a_687
441581109201,a_242
441602004011,a_422
441625112001,a_680
441625117202,a_966
441704102206,a_241
441821101213,a_776
441882104208,a_676
441882106213,a_924
441900111009,a_151
445222112202,a_47
445281005215,a_237
445302001211,a_94
445381113201,a_595
440229104205,a_836
441224108208,a_725
441225107206,a_711
441881103001,a_318
445122102207,a_800
445203108211,a_977
450123101209,a_113
450126101008,a_393
450222202203,a_148
450225211209,a_302
450226104204,a_28
450324113201,a_965
450330100011,a_285
450512102210,a_747
450603104221,a_868
450702107201,a_217
450821101204,a_350
450881118006,a_323
450881119215,a_659
451024104201,a_349
451028100207,a_684
451081108209,a_565
451102116208,a_828
451123107206,a_14
451202001011,a_655
451228101213,a_449
451228209212,a_417
451302104216,a_296
451322102216,a_714
451324100203,a_755
451425100202,a_827
469002109208,a_395
469005100008,a_712
469005100011,a_730
469005112203,a_843
469029403502,a_959
500101135003,a_704
500108007003,a_883
500108107201,a_829
500110105203,a_179
500112141216,a_822
500113004011,a_423
500117126205,a_616
500120006211,a_329
500154003002,a_911
500232110001,a_799
500238103204,a_17
500241112202,a_602
510112109003,a_8
510112115204,a_949
510116106208,a_722
510129001229,a_419
510181003002,a_11
510181103223,a_760
510182118203,a_201
510183001004,a_702
510183001005,a_511
510184202213,a_865
510185124201,a_859
510321111219,a_144
510321204207,a_276
510322100028,a_438
510503107211,a_405
510504006201,a_317
510504006202,a_500
510524110206,a_175
510703113204,a_932
510704102002,a_579
510722101214,a_996
510722128001,a_575
510723201201,a_546
510723208215,a_342
510725217211,a_233
510822210002,a_543
510823104001,a_504
510824100227,a_428
510922118212,a_364
510923101232,a_177
511025131214,a_522
511123107213,a_875
511132102202,a_35
511302209212,a_374
511321110203,a_250
511321116207,a_972
511321232200,a_235
511323107213,a_346
511325108216,a_443
511325111212,a_603
511381103212,a_164
511421295202,a_542
511502009205,a_155
511502010213,a_389
511502101204,a_181
511503206210,a_819
511525210205,a_488
511527102210,a_259
511528109205,a_337
511528206205,a_914
511528207214,a_736
511529103213,a_366
511602105208,a_468
511602204207,a_627
511602207204,a_707
511622109220,a_98
511623116212,a_596
511702104202,a_445
511702108213,a_65
511724106208,a_247
511724118200,a_136
511725228200,a_369
511902209201,a_227
511921213205,a_551
511921223204,a_593
511922101001,a_860
511922117205,a_657
511922203202,a_882
512002110221,a_41
512021207001,a_131
512021240201,a_824
513301102202,a_214
513323211201,a_303
513333202208,a_145
513333207204,a_416
513337102209,a_538
513423100214,a_430
513424104207,a_533
520113101201,a_138
520322105001,a_89
520381104202,a_246
520402105216,a_429
520502115003,a_171
520521217205,a_196
520522101005,a_424
520523003003,a_947
520525107016,a_731
520526126208,a_961
520526129212,a_651
520623208201,a_55
522328001217,a_5
522624100226,a_206
522631110205,a_637
522631112205,a_904
522633103247,a_787
522633206206,a_397
522634100003,a_574
522634101224,a_18
522634104216,a_654
522722105201,a_248
530111006010,a_567
530128207202,a_125
530302103204,a_634
530325102204,a_814
530325106213,a_734
530381102208,a_628
530422002005,a_518
530521207206,a_353
530523201215,a_673
530581108202,a_656
530625207204,a_339
530802201202,a_311
530826101201,a_850
532326104206,a_606
532503202202,a_981
532523104201,a_161
532624101003,a_946
532928102205,a_87
540222207211,a_693
540326200208,a_368
540326209212,a_571
542421200203,a_991
542526205211,a_764
610111009217,a_766
610112008234,a_639
610115007214,a_322
610116005202,a_984
610122116215,a_140
610204004203,a_808
610304107200,a_193
610327102201,a_418
610327107202,a_674
610329100216,a_261
610402008201,a_611
610423102215,a_108
610423103207,a_481
610428001221,a_348
610428105231,a_361
610430109201,a_583
610523102232,a_194
610528101216,a_797
610602106215,a_313
610623001221,a_1
610625106213,a_870
610628101209,a_945
610628103209,a_340
610629103238,a_236
610702106200,a_252
610722001002,a_492
610722001203,a_123
610723108201,a_326
610725101222,a_958
610725114205,a_29
610725116218,a_277
610802100215,a_130
610803001212,a_998
610803109204,a_62
610827105222,a_111
610829001245,a_174
610831104200,a_213
610902104202,a_812
610926104212,a_928
611021110217,a_263
611025102223,a_988
620111101002,a_666
620422115204,a_884
620503102207,a_692
620525209209,a_82
620602115213,a_278
620621111500,a_743
620702211202,a_524
620826210204,a_895
620982108205,a_476
621021100500,a_624
621022101201,a_779
621023210200,a_134
621026100207,a_33
621027105203,a_858
621121105204,a_572
621122105210,a_183
621124103224,a_450
621202101200,a_56
621202112215,a_767
621223217207,a_896
621224212213,a_178
621226114204,a_820
622921220210,a_557
622924202208,a_477
630224104227,a_531
630224206211,a_399
632626201205,a_310
640324106208,a_188
640381101001,a_238
640423202207,a_509
640425103202,a_786
640502106217,a_334
650102013005,a_954
650102013009,a_901
652302101210,a_406
652323104209,a_257
652324203202,a_512
652324524516,a_30
652823201203,a_926
652922510505,a_912
652924103216,a_485
652924207209,a_601
652927102204,a_857
652927200213,a_532
653024208200,a_54
653129209226,a_23
653221202205,a_615
653222203200,a_124
653224204203,a_623
653225200200,a_781
654003508515,a_592
654025512505,a_251
654026515505,a_866
654201203201,a_472
654202109211,a_815
654202501501,a_279
654202503507,a_902
654224201209,a_780
654323503516,a_427
654324100003,a_789
